{
  "project_info": {
    "project_number": "435284332943",
    "firebase_url": "https://tac-snap-vpn.firebaseio.com",
    "project_id": "tac-snap-vpn",
    "storage_bucket": "tac-snap-vpn.appspot.com"
  },
  "client": [
    {
      "client_info": {
        "mobilesdk_app_id": "1:435284332943:android:2f9f0fa3c09153505ebbfa",
        "android_client_info": {
          "package_name": "topcreator.unblock.proxy.free.snap.vpn"
        }
      },
      "oauth_client": [
        {
          "client_id": "435284332943-l9cankiefelg43sper7a480j4toqhk8f.apps.googleusercontent.com",
          "client_type": 3
        }
      ],
      "api_key": [
        {
          "current_key": "AIzaSyCJ8yrdki0iR8xPPswIhBkreBqhVCxWj4Q"
        }
      ],
      "services": {
        "appinvite_service": {
          "other_platform_oauth_client": [
            {
              "client_id": "435284332943-l9cankiefelg43sper7a480j4toqhk8f.apps.googleusercontent.com",
              "client_type": 3
            }
          ]
        }
      }
    }
  ],
  "configuration_version": "1"
}